number,name,description,credithours,level,department_code
113,Spreadsheet,Microsoft Excel and Access,3,Undergraduate,401
311,Algorithm,Design and Analysis,3,Undergraduate,401
531,Theory of Computation,Theorem and Probability,3,Graduate,401
363,Database,Design Principle,3,Undergraduate,401
412,Water Management,Water Management,3,Undergraduate,404
228,Special Topics,Interesting Topics about CE,3,Undergraduate,403
101,Calculus,Limit and Derivative,4,Undergraduate,402
102,Calculus,Limit and Derivative,4,Undergraduate,402